{
    "name": "Hidden file creation",
    "search": "host=192.168.56.50 type=EXECVE a0 IN (mkdir, touch, vim, nano, vi) (a1=*/.* OR a1=.* OR a2=*/.* OR a2=.* OR a3!='')",
    "alert_type": "number of events",
    "alert_comparator": "greater than",
    "alert_threshold": "0",
    "alert.digest_mode": "0",
    "alert.severity": "3",
    "alert.suppress": "0",
    "alert.expires": "24h",
    "dispatch.earliest_time": "-15m",
    "alert.track": "1", 
    "is_scheduled": "1",
    "cron_schedule": "*/1 * * * *"
}
